6_bagattelles_126_(c)hisamori.mid,Beethoven,1
6_scottish_dances_woo-83_(c)orlandi.mid,Beethoven,1
12_bagattelles_119_(c)hisamori.mid,Beethoven,1
6610d_rondo_a_capriccio_129_(nc)smythe.mid,Beethoven,1
56462a_fur_elise_(nc)smythe.mid,Beethoven,1
allegretto_woo-53_(c)orlandi.mid,Beethoven,1
allemande_woo_81_(c)orlandi.mid,Beethoven,1
andante_favori_woo-57_(c)halstead.mid,Beethoven,1
bagattella_fur_elise_(c)hisamori.mid,Beethoven,1
bagattelle_woo-52_(c)orlandi.mid,Beethoven,1
bagattelle_woo-56_(c)orlandi.mid,Beethoven,1
beethoven_anglaise_biamonti_48_(c)simonetto.mid,Beethoven,1
beethoven_bagattelle_biamonti_53_(c)simonetto.mid,Beethoven,1
beethoven_biamonti_839h_(c)simonetto.mid,Beethoven,1
biamonti_8_(c)orlandi.mid,Beethoven,1
biamonti_48_(c)orlandi.mid,Beethoven,1
biamonti_52_(c)orlandi.mid,Beethoven,1
biamonti_66_(c)orlandi.mid,Beethoven,1
biamonti_68_(c)orlandi.mid,Beethoven,1
biamonti_69_(c)orlandi.mid,Beethoven,1
biamonti_74_(c)orlandi.mid,Beethoven,1
biamonti_270_(c)orlandi.mid,Beethoven,1
biamonti_271_(c)orlandi.mid,Beethoven,1
biamonti_291_(c)orlandi.mid,Beethoven,1
biamonti_317_(c)orlandi.mid,Beethoven,1
biamonti_360_(c)orlandi.mid,Beethoven,1
biamonti_456_1_(c)orlandi.mid,Beethoven,1
biamonti_456_2_(c)orlandi.mid,Beethoven,1
biamonti_456_3_(c)orlandi.mid,Beethoven,1
biamonti_456_4_(c)orlandi.mid,Beethoven,1
biamonti_457_(c)orlandi.mid,Beethoven,1
biamonti_458_(c)orlandi.mid,Beethoven,1
biamonti_459_(c)orlandi.mid,Beethoven,1
biamonti_460_(c)orlandi.mid,Beethoven,1
biamonti_461_(c)orlandi.mid,Beethoven,1
biamonti_462_(c)orlandi.mid,Beethoven,1
biamonti_463_(c)orlandi.mid,Beethoven,1
biamonti_464_(c)orlandi.mid,Beethoven,1
biamonti_465_(c)orlandi.mid,Beethoven,1
biamonti_466_(c)orlandi.mid,Beethoven,1
biamonti_467_(c)orlandi.mid,Beethoven,1
biamonti_468_(c)orlandi.mid,Beethoven,1
biamonti_469_(c)orlandi.mid,Beethoven,1
biamonti_471_(c)orlandi.mid,Beethoven,1
biamonti_472_(c)orlandi.mid,Beethoven,1
biamonti_473_(c)orlandi.mid,Beethoven,1
biamonti_474_(c)orlandi.mid,Beethoven,1
biamonti_480_(c)orlandi.mid,Beethoven,1
biamonti_488_(c)orlandi.mid,Beethoven,1
biamonti_491_(c)orlandi.mid,Beethoven,1
biamonti_666_(c)orlandi.mid,Beethoven,1
biamonti_676_(c)orlandi.mid,Beethoven,1
biamonti_678_(c)orlandi.mid,Beethoven,1
biamonti_697_(c)orlandi.mid,Beethoven,1
biamonti_698_(c)orlandi.mid,Beethoven,1
biamonti_699_(c)orlandi.mid,Beethoven,1
biamonti_700_(c)orlandi.mid,Beethoven,1
biamonti_701_(c)orlandi.mid,Beethoven,1
biamonti_726_(c)orlandi.mid,Beethoven,1
biamonti_738_(c)orlandi.mid,Beethoven,1
biamonti_758_(c)orlandi.mid,Beethoven,1
biamonti_770_(c)orlandi.mid,Beethoven,1
biamonti_811_(c)orlandi.mid,Beethoven,1
biamonti_839_(c)orlandi.mid,Beethoven,1
biamonti_849_(c)orlandi.mid,Beethoven,1
cadences_woo-58_(c)orlandi.mid,Beethoven,1
fantasy_for_piano_77_(c)hisamori.mid,Beethoven,1
fur_elise_(c)oguri.mid,Beethoven,1
gavotte_a8-1_(c)orlandi.mid,Beethoven,1
lustig_traurig_woo-54_(c)orlandi.mid,Beethoven,1
menuett_woo_82_(c)orlandi.mid,Beethoven,1
minor_works_hess-275_(c)unheard-beethoven.mid,Beethoven,1
minor_works_hess-326_(c)unheard-beethoven.mid,Beethoven,1
mouvement_woo-60_(c)orlandi.mid,Beethoven,1
mouvement_woo-61_(c)orlandi.mid,Beethoven,1
mouvement_woo-61a_(c)orlandi.mid,Beethoven,1
polonaise_for_piano_89_(c)hisamori.mid,Beethoven,1
prelude_for_piano_woo-55_(c)hisamori.mid,Beethoven,1
rondo_for_piano_129_(c)hisamori.mid,Beethoven,1
rondo_for_piano_woo-48_(c)orlandi.mid,Beethoven,1
rondo_for_piano_woo-49_(c)orlandi.mid,Beethoven,1
rondos_for_piano_51_(c)hisamori.mid,Beethoven,1
scottish_dance_woo_86_(c)orlandi.mid,Beethoven,1
sketch_1_(c)orlandi.mid,Beethoven,1
sketch_2_(c)orlandi.mid,Beethoven,1
sketch_3_(c)orlandi.mid,Beethoven,1
sketch_4_(c)orlandi.mid,Beethoven,1
sketch_5_(c)orlandi.mid,Beethoven,1
sketch_6_(c)orlandi.mid,Beethoven,1
sketch_7a_(c)orlandi.mid,Beethoven,1
sonata_kurfursten_1_(c)orlandi.mid,Beethoven,1
sonate_01_(c)hisamori.mid,Beethoven,1
sonate_02_(c)hisamori.mid,Beethoven,1
sonate_03_(c)hisamori.mid,Beethoven,1
sonate_04_(c)hisamori.mid,Beethoven,1
sonate_05_(c)hisamori.mid,Beethoven,1
sonatina_a5-1_(c)orlandi.mid,Beethoven,1
sonatina_a5-2_(c)orlandi.mid,Beethoven,1
sonatina_woo-50_(c)hisamori.mid,Beethoven,1
sonatina_woo-51_(c)orlandi.mid,Beethoven,1
three_marches_piano_4-hands_45_(c)hisamori.mid,Beethoven,1
waltz_woo_84_(c)orlandi.mid,Beethoven,1
waltz_woo_85_(c)orlandi.mid,Beethoven,1
buxtehude_herr_wenn_ich_nur_dich_hab_(c)icking-archive.mid,Buxtehude,0
buxtehude_sicut_moses_(c)icking-archive.mid,Buxtehude,0
buxtehude_sonatas_for_strings_ii_1_(c)icking-archive.mid,Buxtehude,0
buxtehude_sonatas_for_strings_ii_2_(c)icking-archive.mid,Buxtehude,0
buxtehude_sonatas_for_strings_ii_3_(c)icking-archive.mid,Buxtehude,0
buxtehude_sonatas_for_strings_ii_4_(c)icking-archive.mid,Buxtehude,0
buxtehude_sonatas_for_strings_ii_5_(c)icking-archive.mid,Buxtehude,0
buxtehude_sonatas_for_strings_ii_6_(c)icking-archive.mid,Buxtehude,0
buxtehude_sonatas_for_strings_ii_7_(c)icking-archive.mid,Buxtehude,0
buxtehude_sonatas_opus_1_1_(c)icking-archive.mid,Buxtehude,0
buxtehude_sonatas_opus_1_2_(c)icking-archive.mid,Buxtehude,0
buxtehude_sonatas_opus_1_3_(c)icking-archive.mid,Buxtehude,0
buxtehude_sonatas_opus_1_4_(c)icking-archive.mid,Buxtehude,0
buxtehude_sonatas_opus_1_5_(c)icking-archive.mid,Buxtehude,0
buxtehude_sonatas_opus_1_6_(c)icking-archive.mid,Buxtehude,0
buxtehude_sonatas_opus_1_7_(c)icking-archive.mid,Buxtehude,0
chorale-preludes_buxwv-177_(mccloskey).mid,Buxtehude,0
chorale-preludes_buxwv-178_(mccloskey).mid,Buxtehude,0
chorale-preludes_buxwv-180_(mccloskey).mid,Buxtehude,0
chorale-preludes_buxwv-183_(mccloskey).mid,Buxtehude,0
chorale-preludes_buxwv-184_(mccloskey).mid,Buxtehude,0
chorale-preludes_buxwv-185_(mccloskey).mid,Buxtehude,0
chorale-preludes_buxwv-186_(mccloskey).mid,Buxtehude,0
chorale-preludes_buxwv-187_(mccloskey).mid,Buxtehude,0
chorale-preludes_buxwv-188_(mccloskey).mid,Buxtehude,0
chorale-preludes_buxwv-189_(mccloskey).mid,Buxtehude,0
chorale-preludes_buxwv-198_(mccloskey).mid,Buxtehude,0
chorale-preludes_buxwv-199_(mccloskey).mid,Buxtehude,0
chorale-preludes_buxwv-200_(mccloskey).mid,Buxtehude,0
chorale-preludes_buxwv-202_(mccloskey).mid,Buxtehude,0
chorale-preludes_buxwv-211_(mccloskey).mid,Buxtehude,0
chorale-preludes_buxwv-217_(mccloskey).mid,Buxtehude,0
chorale-preludes_buxwv-218_(mccloskey).mid,Buxtehude,0
chorale-preludes_buxwv-220_(mccloskey).mid,Buxtehude,0
chorale-preludes_buxwv-221_(mccloskey).mid,Buxtehude,0
chorale-preludes_buxwv-222_(mccloskey).mid,Buxtehude,0
chorale-preludes_buxwv-223_(c)mccoy.mid,Buxtehude,0
chorale-preludes_buxwv-224_(mccloskey).mid,Buxtehude,0
chorales_dies_sind_die_heiligen_(mccloskey).mid,Buxtehude,0
chorales_gelobet_seist_du_(mccloskey).mid,Buxtehude,0
chorales_lobt_gott_ihr_christen_(mccloskey).mid,Buxtehude,0
chorales_meine_seele_erhebt_(mccloskey).mid,Buxtehude,0
chorales_o_mensch_bewein_(mccloskey).mid,Buxtehude,0
chorales_verleih_uns_frieden_(mccloskey).mid,Buxtehude,0
chorales_wachet_auf_ruft_(mccloskey).mid,Buxtehude,0
chorales_waer_gott_nicht_mit_uns_(mccloskey).mid,Buxtehude,0
chorales_wenn_wir_in_hoechsten_(mccloskey).mid,Buxtehude,0
chorales_wo_soll_ich_fliehen_hin_(mccloskey).mid,Buxtehude,0
major_organ_works_buxwv-136_(c)maclean.mid,Buxtehude,0
major_organ_works_buxwv-137_(c)mccoy.mid,Buxtehude,0
major_organ_works_buxwv-137_(fenske).mid,Buxtehude,0
major_organ_works_buxwv-137_(mccloskey).mid,Buxtehude,0
major_organ_works_buxwv-139_(c)mccoy.mid,Buxtehude,0
major_organ_works_buxwv-139_(luquet).mid,Buxtehude,0
major_organ_works_buxwv-140_(c)maclean.mid,Buxtehude,0
major_organ_works_buxwv-141_(c)maclean.mid,Buxtehude,0
major_organ_works_buxwv-142_(c)maclean.mid,Buxtehude,0
major_organ_works_buxwv-143_(mccloskey).mid,Buxtehude,0
major_organ_works_buxwv-143_(unknown).mid,Buxtehude,0
major_organ_works_buxwv-144_(mccloskey).mid,Buxtehude,0
major_organ_works_buxwv-145_(c)maclean.mid,Buxtehude,0
major_organ_works_buxwv-145_(c)mccoy.mid,Buxtehude,0
major_organ_works_buxwv-146_(c)maclean.mid,Buxtehude,0
major_organ_works_buxwv-147_(c)maclean.mid,Buxtehude,0
major_organ_works_buxwv-148_(c)maclean.mid,Buxtehude,0
major_organ_works_buxwv-149_(c)maclean.mid,Buxtehude,0
major_organ_works_buxwv-150_(c)maclean.mid,Buxtehude,0
major_organ_works_buxwv-151_(c)maclean.mid,Buxtehude,0
major_organ_works_buxwv-152_(c)maclean.mid,Buxtehude,0
major_organ_works_buxwv-153_(c)maclean.mid,Buxtehude,0
major_organ_works_buxwv-154_(c)maclean.mid,Buxtehude,0
major_organ_works_buxwv-155_(c)maclean.mid,Buxtehude,0
major_organ_works_buxwv-156_(c)maclean.mid,Buxtehude,0
major_organ_works_buxwv-157_(c)mccoy.mid,Buxtehude,0
handel_giulio_cesare_0_1_0_(nc)chrysander.mid,Handel,0
handel_giulio_cesare_0_2_0_(nc)chrysander.mid,Handel,0
handel_giulio_cesare_1_1_1_0_(nc)chrysander.mid,Handel,0
handel_giulio_cesare_1_1_2_0_(nc)chrysander.mid,Handel,0
handel_giulio_cesare_1_1_3_0_(nc)chrysander.mid,Handel,0
handel_giulio_cesare_1_2_1_0_(nc)chrysander.mid,Handel,0
handel_giulio_cesare_1_3_1_0_(nc)chrysander.mid,Handel,0
handel_giulio_cesare_1_3_2_0_(nc)chrysander.mid,Handel,0
handel_giulio_cesare_1_4_1_0_(nc)chrysander.mid,Handel,0
handel_giulio_cesare_1_4_2_0_(nc)chrysander.mid,Handel,0
handel_giulio_cesare_1_4_3_0_(nc)chrysander.mid,Handel,0
handel_giulio_cesare_1_4_4_0_(nc)chrysander.mid,Handel,0
handel_giulio_cesare_1_4_4_1_(nc)chrysander.mid,Handel,0
handel_giulio_cesare_1_5_1_0_(nc)chrysander.mid,Handel,0
handel_giulio_cesare_1_5_2_0_(nc)chrysander.mid,Handel,0
handel_giulio_cesare_1_6_1_0_(nc)chrysander.mid,Handel,0
handel_giulio_cesare_1_6_2_0_(nc)chrysander.mid,Handel,0
handel_giulio_cesare_1_7_1_0_(nc)chrysander.mid,Handel,0
handel_giulio_cesare_1_7_2_0_(nc)chrysander.mid,Handel,0
handel_giulio_cesare_1_7_3_0_(nc)chrysander.mid,Handel,0
handel_giulio_cesare_1_7_4_0_(nc)chrysander.mid,Handel,0
handel_giulio_cesare_1_7_5_0_(nc)chrysander.mid,Handel,0
handel_giulio_cesare_1_7_6_0_(nc)chrysander.mid,Handel,0
handel_giulio_cesare_1_8_1_0_(nc)chrysander.mid,Handel,0
handel_giulio_cesare_1_8_2_0_(nc)chrysander.mid,Handel,0
handel_giulio_cesare_1_8_3_0_(nc)chrysander.mid,Handel,0
handel_giulio_cesare_1_8_3_1_(nc)chrysander.mid,Handel,0
handel_giulio_cesare_1_8_4_0_(nc)chrysander.mid,Handel,0
handel_giulio_cesare_1_8_5_0_(nc)chrysander.mid,Handel,0
handel_giulio_cesare_1_10_1_0_(nc)chrysander.mid,Handel,0
handel_giulio_cesare_1_11_1_0_(nc)chrysander.mid,Handel,0
handel_giulio_cesare_1_11_2_0_(nc)chrysander.mid,Handel,0
handel_giulio_cesare_1_11_3_0_(nc)chrysander.mid,Handel,0
handel_giulio_cesare_1_11_4_0_(nc)chrysander.mid,Handel,0
handel_giulio_cesare_2_1_1_0_(nc)chrysander.mid,Handel,0
handel_giulio_cesare_2_2_1_0_(nc)chrysander.mid,Handel,0
handel_giulio_cesare_2_2_2_0_(nc)chrysander.mid,Handel,0
handel_giulio_cesare_2_2_3_0_(nc)chrysander.mid,Handel,0
handel_giulio_cesare_2_2_5_0_(nc)chrysander.mid,Handel,0
handel_giulio_cesare_2_2_6_0_(nc)chrysander.mid,Handel,0
handel_giulio_cesare_2_2_7_0_(nc)chrysander.mid,Handel,0
handel_giulio_cesare_2_2_8_0_(nc)chrysander.mid,Handel,0
handel_giulio_cesare_2_2_9_0_(nc)chrysander.mid,Handel,0
handel_giulio_cesare_2_3_1_0_(nc)chrysander.mid,Handel,0
handel_giulio_cesare_2_3_2_0_(nc)chrysander.mid,Handel,0
handel_giulio_cesare_2_4_1_0_(nc)chrysander.mid,Handel,0
handel_giulio_cesare_2_4_2_0_(nc)chrysander.mid,Handel,0
handel_giulio_cesare_2_4_4_0_(nc)chrysander.mid,Handel,0
handel_giulio_cesare_2_5_1_0_(nc)chrysander.mid,Handel,0
handel_giulio_cesare_2_6_1_0_(nc)chrysander.mid,Handel,0
handel_giulio_cesare_2_6_2_0_(nc)chrysander.mid,Handel,0
handel_giulio_cesare_2_6_3_0_(nc)chrysander.mid,Handel,0
handel_giulio_cesare_2_6_4_0_(nc)chrysander.mid,Handel,0
handel_giulio_cesare_2_7_1_0_(nc)chrysander.mid,Handel,0
handel_giulio_cesare_2_7_2_0_(nc)chrysander.mid,Handel,0
handel_giulio_cesare_2_7_3_0_(nc)chrysander.mid,Handel,0
handel_giulio_cesare_2_8_1_0_(nc)chrysander.mid,Handel,0
handel_giulio_cesare_2_8_2_0_(nc)chrysander.mid,Handel,0
handel_giulio_cesare_2_8_3_0_(nc)chrysander.mid,Handel,0
handel_giulio_cesare_2_8_4_0_(nc)chrysander.mid,Handel,0
handel_giulio_cesare_2_8_5_0_(nc)chrysander.mid,Handel,0
handel_giulio_cesare_2_9_1_0_(nc)chrysander.mid,Handel,0
handel_giulio_cesare_2_9_2_0_(nc)chrysander.mid,Handel,0
handel_giulio_cesare_2_10_1_0_(nc)chrysander.mid,Handel,0
handel_giulio_cesare_2_11_1_0_(nc)chrysander.mid,Handel,0
handel_giulio_cesare_2_11_2_0_(nc)chrysander.mid,Handel,0
handel_giulio_cesare_3_1_1_0_(nc)chrysander.mid,Handel,0
handel_giulio_cesare_3_1_2_0_(nc)chrysander.mid,Handel,0
handel_giulio_cesare_3_2_1_0_(nc)chrysander.mid,Handel,0
handel_giulio_cesare_3_2_2_0_(nc)chrysander.mid,Handel,0
handel_giulio_cesare_3_3_1_0_(nc)chrysander.mid,Handel,0
handel_giulio_cesare_3_3_2_0_(nc)chrysander.mid,Handel,0
handel_giulio_cesare_3_3_2_1_(nc)chrysander.mid,Handel,0
handel_giulio_cesare_3_4_1_0_(nc)chrysander.mid,Handel,0
handel_giulio_cesare_3_4_2_0_(nc)chrysander.mid,Handel,0
handel_giulio_cesare_3_4_3_0_(nc)chrysander.mid,Handel,0
handel_giulio_cesare_3_5_1_0_(nc)chrysander.mid,Handel,0
handel_giulio_cesare_3_5_2_0_(nc)chrysander.mid,Handel,0
handel_giulio_cesare_3_6_1_0_(nc)chrysander.mid,Handel,0
handel_giulio_cesare_3_6_2_0_(nc)chrysander.mid,Handel,0
handel_giulio_cesare_3_7_1_0_(nc)chrysander.mid,Handel,0
handel_giulio_cesare_3_7_2_0_(nc)chrysander.mid,Handel,0
handel_giulio_cesare_3_7_3_0_(nc)chrysander.mid,Handel,0
handel_giulio_cesare_3_7_4_0_(nc)chrysander.mid,Handel,0
handel_giulio_cesare_3_8_1_0_(nc)chrysander.mid,Handel,0
handel_giulio_cesare_3_9_1_0_(nc)chrysander.mid,Handel,0
handel_giulio_cesare_3_9_2_0_(nc)chrysander.mid,Handel,0
handel_giulio_cesare_3_10_1_0_(nc)chrysander.mid,Handel,0
handel_giulio_cesare_3_10_2_0_(nc)chrysander.mid,Handel,0
handel_giulio_cesare_3_10_3_0_(nc)chrysander.mid,Handel,0
handel_giulio_cesare_3_10_4_0_(nc)chrysander.mid,Handel,0
handel_giulio_cesare_3_10_5_0_(nc)chrysander.mid,Handel,0
handel_rinaldo_cara_sposa_(c)whitcomb.mid,Handel,0
handel_rinaldo_lascia_ch-io_pianga_(c)whitcomb.mid,Handel,0
handel_rodelinda_dove_sei_amato_(c)whitcomb.mid,Handel,0
handel_rodelinda_mio_caro_bene_(c)whitcomb.mid,Handel,0
handel_tolomeo_vivi_tiranno_(c)whitcomb.mid,Handel,0
handel_xerxes_largo_(c)whitcomb.mid,Handel,0
messiah_01_(c)unknown.mid,Handel,0
messiah_02_(c)unknown.mid,Handel,0
messiah_03_(c)unknown.mid,Handel,0
messiah_04_(c)unknown.mid,Handel,0
messiah_05_(c)unknown.mid,Handel,0
messiah_06_(c)unknown.mid,Handel,0
messiah_07_(c)unknown.mid,Handel,0
messiah_08_(c)unknown.mid,Handel,0
messiah_09_(c)unknown.mid,Handel,0
messiah_10_(c)unknown.mid,Handel,0
messiah_11_(c)unknown.mid,Handel,0
messiah_12_(c)unknown.mid,Handel,0
messiah_13_(c)unknown.mid,Handel,0
messiah_14_(c)unknown.mid,Handel,0
messiah_15_(c)unknown.mid,Handel,0
messiah_16_(c)unknown.mid,Handel,0
messiah_17_(c)unknown.mid,Handel,0
messiah_18_(c)unknown.mid,Handel,0
messiah_19_(c)unknown.mid,Handel,0
messiah_20_(c)unknown.mid,Handel,0
messiah_21_(c)unknown.mid,Handel,0
sonata_164_1_(c)yogore.mid,Handel,0
sonata_164_2_(c)yogore.mid,Handel,0
sonata_164_3_(c)yogore.mid,Handel,0
haydn_sonata_15_hobXVI-13_1_(c)iscenko.mid,Haydn,1
haydn_sonata_27_hobXVI-2e_1_incipit-only_(c)iscenko.mid,Haydn,1
sonata_1_1_(c)iscenko.mid,Haydn,1
sonata_1_2_(c)iscenko.mid,Haydn,1
sonata_1_3_(c)iscenko.mid,Haydn,1
sonata_1_4_(c)iscenko.mid,Haydn,1
sonata_2_1_(c)iscenko.mid,Haydn,1
sonata_2_2_(c)iscenko.mid,Haydn,1
sonata_2_3_(c)iscenko.mid,Haydn,1
sonata_3_1_(c)iscenko.mid,Haydn,1
sonata_3_2_(c)iscenko.mid,Haydn,1
sonata_3_3_(c)iscenko.mid,Haydn,1
sonata_4_1_(c)iscenko.mid,Haydn,1
sonata_4_2_(c)iscenko.mid,Haydn,1
sonata_4_3_(c)iscenko.mid,Haydn,1
sonata_5_1_(c)iscenko.mid,Haydn,1
sonata_5_2_(c)iscenko.mid,Haydn,1
sonata_5_3_(c)iscenko.mid,Haydn,1
sonata_6_1_(c)iscenko.mid,Haydn,1
sonata_6_2_(c)iscenko.mid,Haydn,1
sonata_6_3_(c)iscenko.mid,Haydn,1
sonata_7_1_(c)iscenko.mid,Haydn,1
sonata_7_2_(c)iscenko.mid,Haydn,1
sonata_7_3_(c)iscenko.mid,Haydn,1
sonata_8_1_(c)iscenko.mid,Haydn,1
sonata_8_2_(c)iscenko.mid,Haydn,1
sonata_8_3_(c)iscenko.mid,Haydn,1
sonata_9_1_(c)iscenko.mid,Haydn,1
sonata_9_2_(c)iscenko.mid,Haydn,1
sonata_10_1_(c)iscenko.mid,Haydn,1
sonata_10_2_(c)iscenko.mid,Haydn,1
sonata_10_3_(c)iscenko.mid,Haydn,1
sonata_11_1_(c)iscenko.mid,Haydn,1
sonata_11_2_(c)iscenko.mid,Haydn,1
sonata_11_3_(c)iscenko.mid,Haydn,1
sonata_12_1_(c)iscenko.mid,Haydn,1
sonata_12_2_(c)iscenko.mid,Haydn,1
sonata_12_3_(c)iscenko.mid,Haydn,1
sonata_13_1_(c)iscenko.mid,Haydn,1
sonata_13_2_(c)iscenko.mid,Haydn,1
sonata_13_3_(c)iscenko.mid,Haydn,1
sonata_13_4_(c)iscenko.mid,Haydn,1
sonata_14_1_(c)iscenko.mid,Haydn,1
sonata_14_2_(c)iscenko.mid,Haydn,1
sonata_14_3_(c)iscenko.mid,Haydn,1
sonata_15_2_(c)iscenko.mid,Haydn,1
sonata_15_3_(c)iscenko.mid,Haydn,1
sonata_16_1_(c)iscenko.mid,Haydn,1
sonata_16_2_(c)iscenko.mid,Haydn,1
sonata_16_3_(c)iscenko.mid,Haydn,1
sonata_17_1_(c)iscenko.mid,Haydn,1
sonata_17_2_(c)iscenko.mid,Haydn,1
sonata_17_3_(c)iscenko.mid,Haydn,1
sonata_18_1_(c)iscenko.mid,Haydn,1
sonata_18_2_(c)iscenko.mid,Haydn,1
sonata_18_3_(c)iscenko.mid,Haydn,1
sonata_19_1_(c)iscenko.mid,Haydn,1
sonata_19_2_(c)iscenko.mid,Haydn,1
sonata_20_1_(c)iscenko.mid,Haydn,1
sonata_20_2_(c)iscenko.mid,Haydn,1
sonata_21_1_(c)iscenko.mid,Haydn,1
sonata_21_2_(c)iscenko.mid,Haydn,1
sonata_21_3_(c)iscenko.mid,Haydn,1
sonata_22_1_(c)iscenko.mid,Haydn,1
sonata_22_2-3_(c)iscenko.mid,Haydn,1
sonata_23_1_(c)iscenko.mid,Haydn,1
sonata_23_2_(c)iscenko.mid,Haydn,1
sonata_24_1_(c)iscenko.mid,Haydn,1
sonata_24_2_(c)iscenko.mid,Haydn,1
sonata_24_3_(c)iscenko.mid,Haydn,1
sonata_25_1_(c)iscenko.mid,Haydn,1
sonata_25_2_(c)iscenko.mid,Haydn,1
sonata_25_3_(c)iscenko.mid,Haydn,1
sonata_26_1_(c)iscenko.mid,Haydn,1
sonata_26_2_(c)iscenko.mid,Haydn,1
sonata_28_1_(c)iscenko.mid,Haydn,1
sonata_28_2_(c)iscenko.mid,Haydn,1
sonata_29_1_(c)iscenko.mid,Haydn,1
sonata_29_2_(c)iscenko.mid,Haydn,1
sonata_29_3_(c)iscenko.mid,Haydn,1
sonata_30_1_(c)iscenko.mid,Haydn,1
sonata_30_2_(c)iscenko.mid,Haydn,1
sonata_30_3_(c)iscenko.mid,Haydn,1
sonata_31_1_(c)iscenko.mid,Haydn,1
sonata_31_2_(c)iscenko.mid,Haydn,1
sonata_31_3_(c)iscenko.mid,Haydn,1
sonata_32_1_(c)iscenko.mid,Haydn,1
sonata_32_2_(c)iscenko.mid,Haydn,1
sonata_33_1_(c)iscenko.mid,Haydn,1
sonata_33_2_(c)iscenko.mid,Haydn,1
sonata_33_3_(c)iscenko.mid,Haydn,1
sonata_34_1_(c)iscenko.mid,Haydn,1
sonata_34_2_(c)iscenko.mid,Haydn,1
sonata_35_1_(c)iscenko.mid,Haydn,1
sonata_35_2_(c)iscenko.mid,Haydn,1
sonata_35_3_(c)iscenko.mid,Haydn,1
sonata_36_1_(c)iscenko.mid,Haydn,1
sonata_36_2_(c)iscenko.mid,Haydn,1
sonata_36_3_(c)iscenko.mid,Haydn,1
sonata_37_1_(c)iscenko.mid,Haydn,1
sonata_37_2_(c)iscenko.mid,Haydn,1
sonata_37_3_(c)iscenko.mid,Haydn,1
contradance_1_(nc)werths.mid,Mozart,1
contradance_2_(nc)werths.mid,Mozart,1
contradance_3_(nc)werths.mid,Mozart,1
early_pieces_1_(nc)werths.mid,Mozart,1
early_pieces_2_(nc)werths.mid,Mozart,1
early_pieces_3_(nc)werths.mid,Mozart,1
early_pieces_4_(nc)werths.mid,Mozart,1
early_pieces_5_(nc)werths.mid,Mozart,1
early_pieces_6_(nc)werths.mid,Mozart,1
early_pieces_7_(nc)werths.mid,Mozart,1
early_pieces_8_(nc)werths.mid,Mozart,1
early_pieces_9_(nc)werths.mid,Mozart,1
early_pieces_10_(nc)werths.mid,Mozart,1
early_pieces_11_(nc)werths.mid,Mozart,1
early_pieces_12_(nc)werths.mid,Mozart,1
early_pieces_13_(nc)werths.mid,Mozart,1
early_pieces_14_(nc)werths.mid,Mozart,1
early_pieces_15_(nc)werths.mid,Mozart,1
early_pieces_16_(nc)werths.mid,Mozart,1
early_pieces_17_(nc)werths.mid,Mozart,1
early_pieces_18_(nc)werths.mid,Mozart,1
early_pieces_19_(nc)werths.mid,Mozart,1
early_pieces_20_(nc)werths.mid,Mozart,1
marche_funebre_453a_(c)marchesano.mid,Mozart,1
mozart_57867a_pastorale_variee_(nc)smythe.mid,Mozart,1
mozart_66333a_sonata_(nc)smythe.mid,Mozart,1
mozart_68701a_rondo_a_la_turque_(nc)smythe.mid,Mozart,1
mozart_fugue_2-piano_375d_1_(c)iscenko.mid,Mozart,1
mozart_fugue_153_375f_(c)iscenko.mid,Mozart,1
mozart_fugue_154_358k_(c)iscenko.mid,Mozart,1
mozart_fugue_375g_(c)iscenko.mid,Mozart,1
mozart_fugue_401_(c)garty.mid,Mozart,1
mozart_gigue_574_(c)iscenko.mid,Mozart,1
mozart_pastorale_variee_6764_d_(nc)smythe.mid,Mozart,1
mozart_piano_fantasie_383c_(c)iscenko.mid,Mozart,1
mozart_piano_march_544_(c)iscenko.mid,Mozart,1
mozart_piano_menuet_568a_(c)iscenko.mid,Mozart,1
mozart_piano_sonata_400_(c)iscenko.mid,Mozart,1
mozart_piano_suite_399_1_(c)schuetz.mid,Mozart,1
mozart_romance_in_a-flat_7295_d_(nc)smythe.mid,Mozart,1
mozart_sonata_2-pianos_375_1_(c)ishenko.mid,Mozart,1
mozart_sonata_2-pianos_375_2_(c)ishenko.mid,Mozart,1
mozart_sonata_2-pianos_375_3_(c)ishenko.mid,Mozart,1
mozart_turkish_march_22_d_(nc)smythe.mid,Mozart,1
mozart-oguri_vous_diraije_maman_(c)oguri.mid,Mozart,1
piano_fantasie_396_(hisamori).mid,Mozart,1
piano_fantasie_397_(c)oguri.mid,Mozart,1
piano_fantasie_475_(c)oguri.mid,Mozart,1
piano_rondo_485_(c)oguri.mid,Mozart,1
piano_sonata_279_(hisamori).mid,Mozart,1
piano_sonata_280_(hisamori).mid,Mozart,1
piano_sonata_281_(hisamori).mid,Mozart,1
piano_sonata_282_(hisamori).mid,Mozart,1
piano_sonata_283_(hisamori).mid,Mozart,1
piano_sonata_284_(hisamori).mid,Mozart,1
piano_sonata_309_(hisamori).mid,Mozart,1
piano_sonata_310_(hisamori).mid,Mozart,1
piano_sonata_310_1_(c)oguri.mid,Mozart,1
piano_sonata_310_2_(c)oguri.mid,Mozart,1
piano_sonata_310_3_(c)oguri.mid,Mozart,1
piano_sonata_311_(hisamori).mid,Mozart,1
piano_sonata_330_(hisamori).mid,Mozart,1
piano_sonata_330_1_(c)oguri.mid,Mozart,1
piano_sonata_330_2_(c)oguri.mid,Mozart,1
piano_sonata_330_3_(c)oguri.mid,Mozart,1
piano_sonata_331_(hisamori).mid,Mozart,1
piano_sonata_331_1_(c)oguri.mid,Mozart,1
piano_sonata_331_2_(c)oguri.mid,Mozart,1
piano_sonata_331_3_(c)oguri.mid,Mozart,1
piano_sonata_332_(hisamori).mid,Mozart,1
piano_sonata_332_1_(c)oguri.mid,Mozart,1
piano_sonata_332_2_(c)oguri.mid,Mozart,1
piano_sonata_332_3_(c)oguri.mid,Mozart,1
piano_sonata_333_(hisamori).mid,Mozart,1
piano_sonata_333_1_(c)oguri.mid,Mozart,1
piano_sonata_333_2_(c)oguri.mid,Mozart,1
piano_sonata_333_3_(c)oguri.mid,Mozart,1
piano_sonata_457_(hisamori).mid,Mozart,1
piano_sonata_457_1_(c)oguri.mid,Mozart,1
piano_sonata_457_2_(c)oguri.mid,Mozart,1
piano_sonata_457_3_(c)oguri.mid,Mozart,1
piano_sonata_545_(hisamori).mid,Mozart,1
piano_sonata_545_1_(c)oguri.mid,Mozart,1
piano_sonata_545_2_(c)oguri.mid,Mozart,1
piano_sonata_545_3_(c)oguri.mid,Mozart,1
piano_sonata_547a_(hisamori).mid,Mozart,1
piano_sonata_570_(hisamori).mid,Mozart,1
piano_sonata_570_1_(c)oguri.mid,Mozart,1
piano_sonata_570_2_(c)oguri.mid,Mozart,1
piano_sonata_570_3_(c)oguri.mid,Mozart,1
piano_sonata_576_(hisamori).mid,Mozart,1
piano_sonata_576_1_(c)oguri.mid,Mozart,1
piano_sonata_576_2_(c)oguri.mid,Mozart,1
piano_sonata_576_3_(c)oguri.mid,Mozart,1
piano_sonata_593-494_(hisamori).mid,Mozart,1
sinfonia_38_504_1_hisamori.mid,Mozart,1
sinfonia_38_504_2_hisamori.mid,Mozart,1
sinfonia_38_504_3_hisamori.mid,Mozart,1
sinfonia_39_543_1_hisamori.mid,Mozart,1
variation_uber_duport_in_d_573_(hisamori).mid,Mozart,1
vivaldi_4_stagioni_autunno_1_(c)pollen.mid,Vivaldi,0
vivaldi_4_stagioni_autunno_2_(c)pollen.mid,Vivaldi,0
vivaldi_4_stagioni_autunno_3_(c)pollen.mid,Vivaldi,0
vivaldi_4_stagioni_estate_1_(c)pollen.mid,Vivaldi,0
vivaldi_4_stagioni_estate_2_(c)pollen.mid,Vivaldi,0
vivaldi_4_stagioni_estate_3_(c)pollen.mid,Vivaldi,0
vivaldi_4_stagioni_inverno_1_(c)pollen.mid,Vivaldi,0
vivaldi_4_stagioni_inverno_2_(c)pollen.mid,Vivaldi,0
vivaldi_4_stagioni_inverno_3_(c)pollen.mid,Vivaldi,0
vivaldi_4_stagioni_primavera_1_(c)pollen.mid,Vivaldi,0
vivaldi_4_stagioni_primavera_2_(c)pollen.mid,Vivaldi,0
vivaldi_4_stagioni_primavera_3_(c)pollen.mid,Vivaldi,0
vivaldi_agitata_infidu_flata_(c)icking-archive.mid,Vivaldi,0
vivaldi_andante_(c)icking-archive.mid,Vivaldi,0
vivaldi_concerto_for_two_trumpets_1_(c)icking-archive.mid,Vivaldi,0
vivaldi_concerto_for_two_trumpets_2_(c)icking-archive.mid,Vivaldi,0
vivaldi_concerto_for_two_trumpets_3_(c)icking-archive.mid,Vivaldi,0
vivaldi_concerto_in_b-flat_major_1_(c)icking-archive.mid,Vivaldi,0
vivaldi_concerto_in_b-flat_major_3_(c)icking-archive.mid,Vivaldi,0
vivaldi_concerto_in_c_major_1_(c)icking-archive.mid,Vivaldi,0
vivaldi_concerto_in_c_major_2_(c)icking-archive.mid,Vivaldi,0
vivaldi_concerto_in_c_major_3_(c)icking-archive.mid,Vivaldi,0
vivaldi_concerto_la_stravaganza_4_1_(c)icking-archive.mid,Vivaldi,0
vivaldi_concerto_la_stravaganza_4_2_(c)icking-archive.mid,Vivaldi,0
vivaldi_concerto_la_stravaganza_4_3_(c)icking-archive.mid,Vivaldi,0
vivaldi_domine_deus_(c)icking-archive.mid,Vivaldi,0
vivaldi_lute_concerto_1_(c)broda.mid,Vivaldi,0
vivaldi_lute_concerto_2_(c)broda.mid,Vivaldi,0
vivaldi_lute_concerto_3_(c)broda.mid,Vivaldi,0
vivaldi_pastor_fido_sonata_1_(nc)werths.mid,Vivaldi,0
vivaldi_pastor_fido_sonata_2_(nc)werths.mid,Vivaldi,0
vivaldi_pastor_fido_sonata_3_(nc)werths.mid,Vivaldi,0
vivaldi_pastor_fido_sonata_4_(nc)werths.mid,Vivaldi,0
vivaldi_pastor_fido_sonata_5_(nc)werths.mid,Vivaldi,0
vivaldi_trio_sonata_la_follia_(c)icking-archive.mid,Vivaldi,0
